{
  "status": "strategy_54_2c_core_signal_failure_done",
  "strategy_id": "strategy_54_2c_core_signal_failure_20260630",
  "generated_at": "2026-06-29T18:45:51.320287+00:00",
  "research_only": true,
  "not_a_freeze": true,
  "strict_no_future_function": true,
  "purpose": "Check whether Strategy 2C's underlying ret_state 64/100 signal has standalone edge, instead of focusing on monthly lock order count.",
  "cost_model": {
    "cost_per_side": 0.001,
    "round_trip_open_close": 0.002
  },
  "variant_scan": [
    {
      "variant_id": "base_1x_zero_cost_no_lock",
      "hard_pass": false,
      "return_2025_pct": -4.903651076712611,
      "return_2026_pct": 100.47586903785617,
      "min_required_year_return_pct": -4.903651076712611,
      "min_monthly_return_pct": -18.68656150150145,
      "losing_eval_months": 6,
      "min_monthly_orders": 28,
      "total_return_pct": 117.82264072897885,
      "max_drawdown_pct": -37.11942308432251,
      "exposure_pct": 99.9156030336663,
      "turnover": 1681.0,
      "orders": 1681,
      "gross_log_return_before_cost": 0.7785109710318281,
      "cost_log": 0.0,
      "net_log_return": 0.7785109710318281,
      "gross_return_before_cost_pct": 117.82264072897885,
      "cost_drag_pct_approx": 0.0
    },
    {
      "variant_id": "base_1x_cost_no_lock",
      "hard_pass": false,
      "return_2025_pct": -48.945658920103696,
      "return_2026_pct": 50.61002580760514,
      "min_required_year_return_pct": -48.945658920103696,
      "min_monthly_return_pct": -23.268578034986497,
      "losing_eval_months": 10,
      "min_monthly_orders": 28,
      "total_return_pct": -59.44410455608898,
      "max_drawdown_pct": -76.58454083428154,
      "exposure_pct": 99.9156030336663,
      "turnover": 1681.0,
      "orders": 1681,
      "gross_log_return_before_cost": 0.7785109710318281,
      "cost_log": 1.681,
      "net_log_return": -0.9024890289681733,
      "gross_return_before_cost_pct": 117.82264072897885,
      "cost_drag_pct_approx": 168.1
    },
    {
      "variant_id": "base_8x_zero_cost_no_lock",
      "hard_pass": false,
      "return_2025_pct": -33.11776991402756,
      "return_2026_pct": 25991.3672711459,
      "min_required_year_return_pct": -33.11776991402756,
      "min_monthly_return_pct": -80.88833115671996,
      "losing_eval_months": 6,
      "min_monthly_orders": 28,
      "total_return_pct": 50578.54650869453,
      "max_drawdown_pct": -97.55582588239218,
      "exposure_pct": 99.9156030336663,
      "turnover": 13448.0,
      "orders": 1681,
      "gross_log_return_before_cost": 6.228087768254625,
      "cost_log": 0.0,
      "net_log_return": 6.228087768254625,
      "gross_return_before_cost_pct": 50578.54650869453,
      "cost_drag_pct_approx": 0.0
    },
    {
      "variant_id": "base_8x_cost_no_lock",
      "hard_pass": false,
      "return_2025_pct": -99.53840467293979,
      "return_2026_pct": 2547.4700972616833,
      "min_required_year_return_pct": -99.53840467293979,
      "min_monthly_return_pct": -87.98327916630114,
      "losing_eval_months": 10,
      "min_monthly_orders": 28,
      "total_return_pct": -99.92681333492797,
      "max_drawdown_pct": -99.99909630593923,
      "exposure_pct": 99.9156030336663,
      "turnover": 13448.0,
      "orders": 1681,
      "gross_log_return_before_cost": 6.228087768254625,
      "cost_log": 13.448,
      "net_log_return": -7.219912231745386,
      "gross_return_before_cost_pct": 50578.54650869453,
      "cost_drag_pct_approx": 1344.8
    },
    {
      "variant_id": "strategy_2c_guards_no_lock_keep_quota",
      "hard_pass": false,
      "return_2025_pct": -99.9667322369037,
      "return_2026_pct": -11.189394142790343,
      "min_required_year_return_pct": -99.9667322369037,
      "min_monthly_return_pct": -91.97823226461281,
      "losing_eval_months": 13,
      "min_monthly_orders": 18,
      "total_return_pct": -99.97045469803905,
      "max_drawdown_pct": -99.99459477010775,
      "exposure_pct": 98.2165109034268,
      "turnover": 9043.599999999999,
      "orders": 1201,
      "gross_log_return_before_cost": 0.9165992801495797,
      "cost_log": 9.0436,
      "net_log_return": -8.127000719850422,
      "gross_return_before_cost_pct": 150.07714897033497,
      "cost_drag_pct_approx": 904.36
    },
    {
      "variant_id": "strategy_2c_guards_no_lock_no_quota",
      "hard_pass": false,
      "return_2025_pct": -99.98207883882581,
      "return_2026_pct": 131.37663632033107,
      "min_required_year_return_pct": -99.98207883882581,
      "min_monthly_return_pct": -89.47666077759658,
      "losing_eval_months": 13,
      "min_monthly_orders": 22,
      "total_return_pct": -99.95853462008564,
      "max_drawdown_pct": -99.99582705612754,
      "exposure_pct": 98.2165109034268,
      "turnover": 11343.1,
      "orders": 1205,
      "gross_log_return_before_cost": 3.5550333951811424,
      "cost_log": 11.343100000000002,
      "net_log_return": -7.788066604818859,
      "gross_return_before_cost_pct": 3398.8988411789273,
      "cost_drag_pct_approx": 1134.3100000000002
    }
  ],
  "yearly_cost": [
    {
      "variant_id": "base_1x_zero_cost_no_lock",
      "year": "2024",
      "gross_log_return_before_cost": 0.13326688058989689,
      "cost_log": 0.0,
      "net_log_return": 0.13326688058989689,
      "turnover": 773.0,
      "orders": 773,
      "exposure_pct": 99.79223588342441,
      "gross_return_before_cost_pct": 14.255488336639788,
      "net_return_pct": 14.255488336639788
    },
    {
      "variant_id": "base_1x_zero_cost_no_lock",
      "year": "2025",
      "gross_log_return_before_cost": -0.050279609147581894,
      "cost_log": 0.0,
      "net_log_return": -0.050279609147581894,
      "turnover": 622.0,
      "orders": 622,
      "exposure_pct": 100.0,
      "gross_return_before_cost_pct": -4.903651076712611,
      "net_return_pct": -4.903651076712611
    },
    {
      "variant_id": "base_1x_zero_cost_no_lock",
      "year": "2026",
      "gross_log_return_before_cost": 0.6955236995895131,
      "cost_log": 0.0,
      "net_log_return": 0.6955236995895131,
      "turnover": 286.0,
      "orders": 286,
      "exposure_pct": 100.0,
      "gross_return_before_cost_pct": 100.47586903785617,
      "net_return_pct": 100.47586903785617
    },
    {
      "variant_id": "base_1x_cost_no_lock",
      "year": "2024",
      "gross_log_return_before_cost": 0.13326688058989689,
      "cost_log": 0.773,
      "net_log_return": -0.6397331194101031,
      "turnover": 773.0,
      "orders": 773,
      "exposure_pct": 99.79223588342441,
      "gross_return_before_cost_pct": 14.255488336639788,
      "net_return_pct": -47.256683306383685
    },
    {
      "variant_id": "base_1x_cost_no_lock",
      "year": "2025",
      "gross_log_return_before_cost": -0.050279609147581894,
      "cost_log": 0.622,
      "net_log_return": -0.6722796091475819,
      "turnover": 622.0,
      "orders": 622,
      "exposure_pct": 100.0,
      "gross_return_before_cost_pct": -4.903651076712611,
      "net_return_pct": -48.945658920103696
    },
    {
      "variant_id": "base_1x_cost_no_lock",
      "year": "2026",
      "gross_log_return_before_cost": 0.6955236995895131,
      "cost_log": 0.28600000000000003,
      "net_log_return": 0.40952369958951307,
      "turnover": 286.0,
      "orders": 286,
      "exposure_pct": 100.0,
      "gross_return_before_cost_pct": 100.47586903785617,
      "net_return_pct": 50.61002580760514
    },
    {
      "variant_id": "base_8x_zero_cost_no_lock",
      "year": "2024",
      "gross_log_return_before_cost": 1.066135044719175,
      "cost_log": 0.0,
      "net_log_return": 1.066135044719175,
      "turnover": 6184.0,
      "orders": 773,
      "exposure_pct": 99.79223588342441,
      "gross_return_before_cost_pct": 190.41334353507443,
      "net_return_pct": 190.41334353507443
    },
    {
      "variant_id": "base_8x_zero_cost_no_lock",
      "year": "2025",
      "gross_log_return_before_cost": -0.40223687318065515,