rule_test,return_2023_pct,return_2024_pct,return_2025_pct,return_2026_ytd_pct,traded_months,losing_traded_months,orders,min_traded_return_pct
prev_abs_top2_reversal,100.22244298428843,-40.50286704040026,0.0,18.01115775962363,3,1,358,-40.50286704040026
prev_vol_top2_reversal,-34.14487814678991,0.0,-19.795148853501342,-45.38676923915608,3,3,327,-45.38676923915608
max3_abs_top2_reversal,0.0,0.0,-19.795148853501342,-51.300604719065745,2,2,154,-51.300604719065745
max3_vol_top2_reversal,-23.760407396283924,0.0,-19.795148853501342,-51.300604719065745,5,4,548,-51.300604719065745
max3_vol_top2_reversal_strict,-23.760407396283924,0.0,-19.795148853501342,-51.300604719065745,5,4,548,-51.300604719065745
prev_vol_top2_momentum,-2.349971165933784,-89.1843137997678,-23.065263539394977,-57.680834242228144,24,14,2457,-76.88652693901908
prev_vol_top2_both,-22.815448308559283,-89.1843137997678,-38.2946091418207,-76.88813634864403,26,16,2702,-76.88652693901908
