year,log_return,compounded_return_pct,months,losing_months,min_monthly_return_pct,min_monthly_orders,orders_sum,max_drawdown_pct
2024,0.9670796051320921,163.02518580772008,12,1,-8.505927841711614,12,156,-51.91828127264655
2025,1.4498766274066968,326.2588596118197,12,0,7.377379776521598,12,148,-48.53023120883241
2026,0.7271869956539201,106.92515992630081,6,0,7.554180764773766,12,72,-18.20982112031009
