month,log_return,first_equity,last_equity,min_drawdown,turnover,orders,return_pct,drawdown_pct
2026-06,0.16639550581253815,1.0,1.181040117594792,-0.09813001643643271,17.0,12,18.104011759479178,-9.813001643643272
