year,log_return,compounded_return_pct,months,losing_months,min_monthly_return_pct,min_monthly_orders,orders_sum,max_drawdown_pct
2024,0.7285426918937828,107.20587782865358,12,0,4.791369199423512,12,154,-34.17384154367081
2025,0.6332876037390158,88.37935768791935,12,0,1.0520745198137282,12,150,-12.575273991948265
2026,0.3482805757448247,41.66296659084006,6,0,2.0984659701003716,12,74,-9.752524373534033
