{
  "status": "strategy_1_walkforward_ready",
  "strategy_id": "strategy_1_walkforward_ret_state_selector_20260627",
  "research_only": true,
  "live_trading_enabled": false,
  "generated_at": "2026-06-26T19:42:37.265304+00:00",
  "strict_no_future_selection": true,
  "not_a_freeze_yet": true,
  "selection_rule": "For each evaluated month, choose ret_state window/threshold plus lock/quota/leverage using only months from 2024-01 through the month before the evaluated month.",
  "signal_pool": {
    "family": "ret_state",
    "windows": [
      16,
      32,
      64,
      96,
      192
    ],
    "threshold_bps": [
      50.0,
      100.0,
      200.0
    ],
    "expert_count": 15
  },
  "control_pool": {
    "leverages": [
      4.0,
      6.0,
      8.0
    ],
    "lock_logs": [
      0.02,
      0.04,
      0.08
    ],
    "quota_choices": [
      [
        null,
        null
      ],
      [
        0.04,
        0.25
      ],
      [
        0.04,
        1.0
      ],
      [
        0.04,
        2.0
      ],
      [
        0.08,
        0.25
      ],
      [
        0.08,
        1.0
      ],
      [
        0.08,
        2.0
      ]
    ]
  },
  "cost_model": {
    "cost_per_side": 0.001,
    "round_trip_open_close": 0.002
  },
  "candidate_count": 756,
  "eval_month_count": 18,
  "row": {
    "hard_pass": false,
    "return_2025_pct": -22.088423159342863,
    "return_2026_pct": 126.54925837621155,
    "min_required_year_return_pct": -22.088423159342863,
    "min_monthly_return_pct": -59.49741693048869,
    "losing_eval_months": 2,
    "min_monthly_orders": 11,
    "total_return_pct": 76.508099521721,
    "max_drawdown_pct": -70.50998908787957,
    "annualized_sharpe": 0.4609780752981673,
    "exposure_pct": 43.45210280373832,
    "turnover": 728.5,
    "orders": 242,
    "win_rate_pct": 49.970874221445534,
    "profit_factor": 1.0182122468806736
  },
  "yearly": [
    {
      "year": "2025",
      "log_return": -0.24959563259128378,
      "compounded_return_pct": -22.088423159342863,
      "months": 12,
      "losing_months": 2,
      "min_monthly_return_pct": -59.49741693048869,
      "min_monthly_orders": 11,
      "orders_sum": 168,
      "max_drawdown_pct": -70.50998908787957
    },
    {
      "year": "2026",
      "log_return": 0.817792211565125,
      "compounded_return_pct": 126.54925837621155,
      "months": 6,
      "losing_months": 0,
      "min_monthly_return_pct": 2.6358162207531732,
      "min_monthly_orders": 12,
      "orders_sum": 74,
      "max_drawdown_pct": -45.02458643031871
    }
  ],
  "monthly": [
    {
      "month": "2025-01",
      "return_pct": 9.787147083966818,
      "orders": 12,
      "drawdown_pct": -19.267867439922526
    },
    {
      "month": "2025-02",
      "return_pct": -59.49741693048869,
      "orders": 35,
      "drawdown_pct": -69.6224513104778
    },
    {
      "month": "2025-03",
      "return_pct": 10.64475918778589,
      "orders": 11,
      "drawdown_pct": -66.9494086391335
    },
    {
      "month": "2025-04",
      "return_pct": 9.146769359821905,
      "orders": 12,
      "drawdown_pct": -62.37629021334122
    },
    {
      "month": "2025-05",
      "return_pct": 12.715669902122094,
      "orders": 12,
      "drawdown_pct": -58.93493625454679
    },
    {
      "month": "2025-06",
      "return_pct": 7.557455207907582,
      "orders": 12,
      "drawdown_pct": -59.24024556046905
    },
    {
      "month": "2025-07",
      "return_pct": 11.182011900640653,
      "orders": 12,
      "drawdown_pct": -55.40245506381509
    },
    {
      "month": "2025-08",
      "return_pct": 9.174402097484368,
      "orders": 12,
      "drawdown_pct": -46.66542030177353
    },
    {
      "month": "2025-09",
      "return_pct": -39.344588885135046,
      "orders": 15,
      "drawdown_pct": -70.50998908787957
    },
    {
      "month": "2025-10",
      "return_pct": 12.43167503077962,
      "orders": 11,
      "drawdown_pct": -64.65060333822495
    },
    {
      "month": "2025-11",
      "return_pct": 19.03168831828217,
      "orders": 12,
      "drawdown_pct": -58.78921393099207
    },
    {
      "month": "2025-12",
      "return_pct": 21.457698872428498,
      "orders": 12,
      "drawdown_pct": -50.94610557282444
    },
    {
      "month": "2026-01",
      "return_pct": 7.823136861593438,
      "orders": 12,
      "drawdown_pct": -45.02458643031871
    },
    {
      "month": "2026-02",
      "return_pct": 2.6358162207531732,
      "orders": 14,
      "drawdown_pct": -39.50511577705669
    },
    {
      "month": "2026-03",
      "return_pct": 17.185103345710683,
      "orders": 12,
      "drawdown_pct": -37.63400443059205
    },
    {
      "month": "2026-04",
      "return_pct": 11.412657803341641,
      "orders": 12,
      "drawdown_pct": -25.429472163455912
    },
    {
      "month": "2026-05",
      "return_pct": 10.263349360014317,
      "orders": 12,
      "drawdown_pct": -14.010416369786194
    },
    {
      "month": "2026-06",
      "return_pct": 42.20459160555387,
      "orders": 12,
      "drawdown_pct": -17.883147216688855
    }
  ],
  "files": {
    "summary": "artifacts/strategy_1_walkforward_20260627/summary.json",
    "selections": "artifacts/strategy_1_walkforward_20260627/strategy_1_selections.csv",
    "equity": "artifacts/strategy_1_walkforward_20260627/strategy_1_equity.csv",
    "monthly": "artifacts/strategy_1_walkforward_20260627/strategy_1_monthly.csv",
    "yearly": "artifacts/strategy_1_walkforward_20260627/strategy_1_yearly.csv"
  },
  "risk_flags": {
    "uses_future_bars_for_signal": false,
    "monthly_selection_uses_eval_month": false,
    "posthoc_pool_design": true,
    "not_a_live_guarantee": true
  }
}
