selector_test,return_2023_pct,return_2024_pct,return_2025_pct,return_2026_ytd_pct,traded_months,losing_traded_months,orders,min_traded_return_pct
hot_abs_funding_abs_both,6662.63821597107,-90.19499949645048,203.3213467900578,18.01115775962363,17,6,1752,-76.35329397614206
hot_abs_negative_funding_momentum,1004.0699162687947,0.0,120.61458774592938,0.0,5,1,495,-9.817162573811311
hot_vol_funding_abs_both,1589.258141860801,-81.88017173762957,31.39507908554757,-45.38676923915608,23,12,2341,-76.35329397614206
hot_abs_funding_abs_reversal,100.22244298428843,0.0,0.0,18.01115775962363,2,0,207,18.01115775962363
hot_abs_funding_abs_reversal_strict,100.22244298428843,0.0,0.0,18.01115775962363,2,0,207,18.01115775962363
hot_vol_funding_abs_reversal,-34.14487814678991,0.0,0.0,-45.38676923915608,2,2,243,-45.38676923915608
funding_abs_top2_reversal,-34.14487814678991,-74.25993655712661,0.0,-45.38676923915608,3,3,376,-74.25993655712661
hot_abs_positive_funding_reversal,100.22244298428843,-40.50286704040026,-30.869661904127287,18.01115775962363,4,2,453,-40.50286704040026
funding_abs_top2_momentum,2465.112772285393,-99.32155252394267,-79.84199507993222,-3.2057037402647315,24,14,2610,-87.91301565623708
